ravi seth,IT,5002,123456,ravi@mail.com
Rakesh ,Computer,1005,123456,rakesh@mail.com
Rahul,IT,5151,123456,rahul@mail.com
Aakash,Civil,2525,123456,aakash@mail.com
Darsh,ENTC,2005,123456,darsh@mail.com
Rushikesh ,Electrical,6084,123456,rushikesh@mail.com
Prasad,Mechanical,5826,123456,prasad@mail.com
Abhi,Computer,4122,123456,abhi@mail.com
Ashish,Civil,5465,123456,ashish@mail.com
user,Electrical,5645,123456,user@mail.com
